,0.05,0.95,median,mean
media_cost_1,31.682484409207735,843.7607546334398,85.44068038926619,592.0752481068528
media_cost_2,5.312235064902525,360.7995857267178,24.432146566895725,512.0542325626582
media_cost_3,40.35434269841436,1268.2222574128725,122.55262093263028,595.3427345819075
media_cost_4,20.74471694013364,758.733143159317,64.9917661454707,290.83601820108885
blended,10.246355914470358,802.3176569367664,71.37533354882785,497.5770583631268
