,0.05,0.95,median,mean
media_cost_1,31.847252659098004,722.2858982245594,87.0339085076233,303.7096069647589
media_cost_2,5.314249053349782,342.1753212433595,25.0113075997052,150.29555228638625
media_cost_3,41.03420325545609,1321.966931559372,121.97574532805659,718.0892342358064
media_cost_4,21.162869996954548,663.4916418598239,68.02987157109601,248.20559697963964
blended,10.617098849428142,746.3209418756965,72.7013615436438,355.0749976166478
